search_term,product_name,registration_number,manufacturer,category,pack_size,price,price_text,effective_from,scraped_at,source
Amoxicillin,Amoxicillin 125mg Dry Suspension Each 5ml contains:Amoxicillin (as Trihydrate)…125mg,050602,Medimarker's Laboratories DML: 000615,Essential Drugs,60ml,91.49,Rs 91.49,"27 Jul, 2026",2026-09-12 02:27:38,https://e.dra.gov.pk/public/price
Amoxicillin,Amoxicillin 125mg/5ml Suspension Amoxicillin as Trihydrate: 125 %;,136722,ANEEB PHARMACEUTICAL PVT LIMITED DML: 000555,Essential Drugs,60ml,79.0,Rs 79.00,"10 Aug, 2026",2026-09-12 02:27:38,https://e.dra.gov.pk/public/price
Amoxicillin,Amoxicillin 250mg Capsule Each capsule contains:Amoxicillin (as Trihydrate)…250mg,050604,Medimarker's Laboratories DML: 000615,Essential Drugs,100's,1129.16,"Rs 1,129.16","27 Jul, 2026",2026-09-12 02:27:38,https://e.dra.gov.pk/public/price
Amoxicillin,Amoxicillin 250mg Dry Suspension Each 5ml contains:Amoxicillin (as Trihydrate)…250mg,050603,Medimarker's Laboratories DML: 000615,Essential Drugs,60ml,134.34,Rs 134.34,"27 Jul, 2026",2026-09-12 02:27:38,https://e.dra.gov.pk/public/price
Amoxicillin,Amoxicillin 500mg Capsule Each capsule contains:Amoxicillin (as Trihydrate)…500mg,050605,Medimarker's Laboratories DML: 000615,Essential Drugs,100's,1995.43,"Rs 1,995.43","27 Jul, 2026",2026-09-12 02:27:38,https://e.dra.gov.pk/public/price
Amoxicillin,Amoxicillin 500mg Capsules Amoxicillin as Trihydrate: 500 mg;,136724,ANEEB PHARMACEUTICAL PVT LIMITED DML: 000555,Essential Drugs,10x10's,1723.0,"Rs 1,723.00","10 Aug, 2026",2026-09-12 02:27:38,https://e.dra.gov.pk/public/price
Azithromycin,Azitron Tablets (Azithromycin as Dihydrate) 250mg Each film-coated tablet contains Azithromycin as Dihydrate equivalent to Azithromycin 250mg,054512,The Searle Company Limited DML: 000647,Essential Drugs,6's,324.33,Rs 324.33,"23 Jul, 2026",2026-09-12 02:27:44,https://e.dra.gov.pk/public/price
Azithromycin,Zithrosan 1% Eye Drops SolutionEach ml contains:Azithromycin as Dihydrate…...10mg Zithrosan 1% Eye Drops SolutionEach ml contains:Azithromycin as Dihydrate…...10mg,104067,Sante (Private) Limited DML: 000702,Essential Drugs,2.5ml,199.6,Rs 199.60,"27 Jul, 2026",2026-09-12 02:27:44,https://e.dra.gov.pk/public/price
Azithromycin,Zithrosan 250mg CapsuleEach capsule contains:Azithromycin DihydrateEquivalent to Azithromycin 250mg Zithrosan 250mg CapsuleEach capsule contains:Azithromycin DihydrateEquivalent to Azithromycin 250mg,027079,Sante (Private) Limited DML: 000702,Essential Drugs,10's,582.11,Rs 582.11,"27 Jul, 2026",2026-09-12 02:27:44,https://e.dra.gov.pk/public/price
Azithromycin,Zithrosan 500mg CapsulesEach capsule contains:Azithromycin (as Azithromycin Dihydrate) 500mg Zithrosan 500mg CapsulesEach capsule contains:Azithromycin (as Azithromycin Dihydrate) 500mg,037032,Sante (Private) Limited DML: 000702,Essential Drugs,6's,575.81,Rs 575.81,"27 Jul, 2026",2026-09-12 02:27:44,https://e.dra.gov.pk/public/price
Azithromycin,Zithrosan 500mg TabletEach tablet contains:Azithromycin……………500mg Zithrosan 500mg TabletEach tablet contains:Azithromycin……………500mg,083766,Sante (Private) Limited DML: 000702,Essential Drugs,6's,599.24,Rs 599.24,"27 Jul, 2026",2026-09-12 02:27:44,https://e.dra.gov.pk/public/price
Azithromycin,Zolecta 250 mg Capsules Azithromycin (as Dihydrate) …. 250mg Zolecta 250 mg Capsules Azithromycin (as Dihydrate) …. 250mg,055700,S.J & G. Fazul Ellahie (pvt) limited. DML: 000083,Essential Drugs,10's,533.88,Rs 533.88,"20 Aug, 2026",2026-09-12 02:27:44,https://e.dra.gov.pk/public/price
Azithromycin,Zolecta 500 mg Capsules Azithromycin (as Dihydrate) . 500mg Zolecta 500 mg Capsules Azithromycin (as Dihydrate) . 500mg,055701,S.J & G. Fazul Ellahie (pvt) limited. DML: 000083,Essential Drugs,3's,261.7,Rs 261.70,"20 Aug, 2026",2026-09-12 02:27:44,https://e.dra.gov.pk/public/price
Azithromycin,Zolecta 500 mg Tablet Azithromycin Zolecta 500 mg Tablet Azithromycin,092812,S.J & G. Fazul Ellahie (pvt) limited. DML: 000083,Essential Drugs,6's,545.09,Rs 545.09,"20 Aug, 2026",2026-09-12 02:27:44,https://e.dra.gov.pk/public/price
Ciprofloxacin,Bakcin Ophthalmic SolutionEach ml contains:Ciprofloxacin (as Ciprofloxacin HCl)…3mg Bakcin Ophthalmic SolutionEach ml contains:Ciprofloxacin (as Ciprofloxacin HCl)…3mg,030361,Sante (Private) Limited DML: 000702,Essential Drugs,5ml,219.94,Rs 219.94,"27 Jul, 2026",2026-09-12 02:27:51,https://e.dra.gov.pk/public/price
Ciprofloxacin,C-Prox dry suspension 250mg/5mlCiprofloxacin Each 5 ml Contains: Ciprofloxacin 250 mg .,061942,Mediate Pharmaceutical Pvt Ltd DML: 000167,Essential Drugs,60ml,281.55,Rs 281.55,"27 Jan, 2026",2026-09-12 02:27:51,https://e.dra.gov.pk/public/price
Ciprofloxacin,Cinoflox 100mg / 50ml Infusion Ciprofloxacin …... 100mg (as Lactate) Cinoflox 100mg / 50ml Infusion Ciprofloxacin …... 100mg (as Lactate),058540,S.J & G. Fazul Ellahie (pvt) limited. DML: 000083,Essential Drugs,Vial,123.91,Rs 123.91,"20 Aug, 2026",2026-09-12 02:27:51,https://e.dra.gov.pk/public/price
Ciprofloxacin,Cinoflox 200mg / 100ml Infusion Ciprofloxacin.. 200mg (as Lactate) Cinoflox 200mg / 100ml Infusion Ciprofloxacin.. 200mg (as Lactate),058541,S.J & G. Fazul Ellahie (pvt) limited. DML: 000083,Essential Drugs,Vial,247.81,Rs 247.81,"20 Aug, 2026",2026-09-12 02:27:51,https://e.dra.gov.pk/public/price
Ciprofloxacin,Cinoflox 400mg / 100ml Infusion Ciprofloxacin…... 400mg (as Lactate) Cinoflox 400mg / 100ml Infusion Ciprofloxacin…... 400mg (as Lactate),076041,S.J & G. Fazul Ellahie (pvt) limited. DML: 000083,Essential Drugs,Vial,351.9,Rs 351.90,"20 Aug, 2026",2026-09-12 02:27:51,https://e.dra.gov.pk/public/price
Ciprofloxacin,Cinoflox Injection 400mg / 200ml Ciprofloxacin …….. 400mg (as Lactate) Cinoflox Injection 400mg / 200ml Ciprofloxacin …….. 400mg (as Lactate),089238,S.J & G. Fazul Ellahie (pvt) limited. DML: 000083,Essential Drugs,Vial,335.07,Rs 335.07,"20 Aug, 2026",2026-09-12 02:27:51,https://e.dra.gov.pk/public/price
Ciprofloxacin,Ciprofloxacin 250mg tablets Each tablet contains:- Ciprofloxacin as HCL….250mg,057488,Batala Pharmaceuticals DML: 000477,Essential Drugs,1x10's,228.77,Rs 228.77,"01 Jul, 2025",2026-09-12 02:27:51,https://e.dra.gov.pk/public/price
Ciprofloxacin,Ciprofloxacin 500mg tablets Each tablet contains:- Ciprofloxacin as HCL….500mg,057489,Batala Pharmaceuticals DML: 000477,Essential Drugs,1x10's,378.35,Rs 378.35,"01 Jul, 2025",2026-09-12 02:27:51,https://e.dra.gov.pk/public/price
Ciprofloxacin,Prolotic Otic DropsEach ml contains:Ciprofloxacin HCl e.q to Ciprofloxacin 0.3% Prolotic Otic DropsEach ml contains:Ciprofloxacin HCl e.q to Ciprofloxacin 0.3%,073452,Sante (Private) Limited DML: 000702,Essential Drugs,5ml,196.21,Rs 196.21,"27 Jul, 2026",2026-09-12 02:27:51,https://e.dra.gov.pk/public/price
Ciprofloxacin,Zeproquin 250mg TabletEach tablet contains:Ciprofloxacin HCl eq. to Ciprofloxacin………...250mg Zeproquin 250mg TabletEach tablet contains:Ciprofloxacin HCl eq. to Ciprofloxacin………...250mg,076126,Sante (Private) Limited DML: 000702,Essential Drugs,10's,268.48,Rs 268.48,"27 Jul, 2026",2026-09-12 02:27:51,https://e.dra.gov.pk/public/price
Metronidazole,Metronidazole Liquid Suspension Metronidazole 200mg,079356,Caliph Pharmaceuticals (Pvt) Ltd. DML: 000748,Essential Drugs,60ml,56.31,Rs 56.31,"24 Jun, 2026",2026-09-12 02:27:58,https://e.dra.gov.pk/public/price
Metronidazole,Metronidazole Liquid Suspension Metronidazole 200mg,079356,Caliph Pharmaceuticals (Pvt) Ltd. DML: 000748,Essential Drugs,90ml,84.46,Rs 84.46,"24 Jun, 2026",2026-09-12 02:27:58,https://e.dra.gov.pk/public/price
Metronidazole,Metronidazole Tablet 200mg Metronidazole 200mg,100957,Caliph Pharmaceuticals (Pvt) Ltd. DML: 000748,Essential Drugs,20x10's,351.93,Rs 351.93,"24 Jun, 2026",2026-09-12 02:27:58,https://e.dra.gov.pk/public/price
Metronidazole,Metronidazole Tablet 200mg Each tablet contains:Metronidazole 200mg,008909,"Popular Chemical Works Pvt Ltd., DML: 000076",Low Price Drugs,100's,267.4,Rs 267.40,"25 Aug, 2026",2026-09-12 02:27:58,https://e.dra.gov.pk/public/price
Metronidazole,Metronidazole Tablet 400mg Metronidazole 400mg,100958,Caliph Pharmaceuticals (Pvt) Ltd. DML: 000748,Essential Drugs,10x10's,263.95,Rs 263.95,"24 Jun, 2026",2026-09-12 02:27:58,https://e.dra.gov.pk/public/price
Metronidazole,Metronidazole Tablet 400mg Each tablet contains:Metronidazole 400mg,081274,"Popular Chemical Works Pvt Ltd., DML: 000076",Essential Drugs,100's,378.86,Rs 378.86,"25 Aug, 2026",2026-09-12 02:27:58,https://e.dra.gov.pk/public/price
Metronidazole,Metrozine 200 mg tablet (Metronidazole ) 200mg Each film-coated tablet contains metronidazole 200mg,010932,The Searle Company Limited DML: 000647,Low Price Drugs,100’s,267.4,Rs 267.40,"23 Jul, 2026",2026-09-12 02:27:58,https://e.dra.gov.pk/public/price
Metronidazole,Metrozine 400 mg tablet (Metronidazole ) 400mg Each film-coated tablet contains metronidazole 400mg,010931,The Searle Company Limited DML: 000647,Essential Drugs,100’s,377.52,Rs 377.52,"23 Jul, 2026",2026-09-12 02:27:58,https://e.dra.gov.pk/public/price
Paracetamol,Monadol 160mg/5ml Suspension (Paracetamol),121583,Wimits Pharmaceuticals Pvt. Ltd DML: 000789,Essential Drugs,120ml,155.25,Rs 155.25,"25 Aug, 2026",2026-09-12 02:28:04,https://e.dra.gov.pk/public/price
Paracetamol,Monadol Tablet (Paracetamol),121582,Wimits Pharmaceuticals Pvt. Ltd DML: 000789,Essential Drugs,200's,620.51,Rs 620.51,"25 Aug, 2026",2026-09-12 02:28:04,https://e.dra.gov.pk/public/price
Paracetamol,Nuberol-P Forte Suspension (Paracetamol) 250mg /5ml Each 5ml contains Paracetamol 250mg,093672,The Searle Company Limited DML: 000647,Essential Drugs,100ml,158.28,Rs 158.28,"23 Jul, 2026",2026-09-12 02:28:05,https://e.dra.gov.pk/public/price
Paracetamol,Nuberol-P Forte Suspension (Paracetamol) 250mg /5ml Each 5ml contains Paracetamol 250mg,093672,The Searle Company Limited DML: 000647,Essential Drugs,120ml,186.13,Rs 186.13,"23 Jul, 2026",2026-09-12 02:28:05,https://e.dra.gov.pk/public/price
Paracetamol,Nuberol-P Forte Suspension (Paracetamol) 250mg /5ml Each 5ml contains Paracetamol 250mg,093672,The Searle Company Limited DML: 000647,Essential Drugs,450ml,683.75,Rs 683.75,"23 Jul, 2026",2026-09-12 02:28:05,https://e.dra.gov.pk/public/price
Paracetamol,Nuberol-P Forte Suspension (Paracetamol) 250mg /5ml Each 5ml contains Paracetamol 250mg,093672,The Searle Company Limited DML: 000647,Essential Drugs,60ml,94.97,Rs 94.97,"23 Jul, 2026",2026-09-12 02:28:05,https://e.dra.gov.pk/public/price
Paracetamol,Nuberol-P Forte Suspension (Paracetamol) 250mg /5ml Each 5ml contains Paracetamol 250mg,093672,The Searle Company Limited DML: 000647,Essential Drugs,90ml,142.45,Rs 142.45,"23 Jul, 2026",2026-09-12 02:28:05,https://e.dra.gov.pk/public/price
Paracetamol,Nuberol-P Suspension (Paracetamol) 120mg/5ml Each 5ml contains Paracetamol 120mg,093671,The Searle Company Limited DML: 000647,Essential Drugs,100ml,110.02,Rs 110.02,"23 Jul, 2026",2026-09-12 02:28:05,https://e.dra.gov.pk/public/price
Paracetamol,Nuberol-P Suspension (Paracetamol) 120mg/5ml Each 5ml contains Paracetamol 120mg,093671,The Searle Company Limited DML: 000647,Essential Drugs,120ml,129.38,Rs 129.38,"23 Jul, 2026",2026-09-12 02:28:05,https://e.dra.gov.pk/public/price
Paracetamol,Nuberol-P Suspension (Paracetamol) 120mg/5ml Each 5ml contains Paracetamol 120mg,093671,The Searle Company Limited DML: 000647,Essential Drugs,450ml,475.29,Rs 475.29,"23 Jul, 2026",2026-09-12 02:28:05,https://e.dra.gov.pk/public/price
Paracetamol,Nuberol-P Suspension (Paracetamol) 120mg/5ml Each 5ml contains Paracetamol 120mg,093671,The Searle Company Limited DML: 000647,Essential Drugs,60ml,66.01,Rs 66.01,"23 Jul, 2026",2026-09-12 02:28:05,https://e.dra.gov.pk/public/price
Paracetamol,Nuberol-P Suspension (Paracetamol) 120mg/5ml Each 5ml contains Paracetamol 120mg,093671,The Searle Company Limited DML: 000647,Essential Drugs,90ml,99.02,Rs 99.02,"23 Jul, 2026",2026-09-12 02:28:05,https://e.dra.gov.pk/public/price
Paracetamol,PARACETAMOL Paracetamol 500mg,006280,Pharmedic Laboratories (Pvt.) Ltd Lahore DML: 000228,Essential Drugs,200’s,742.12,Rs 742.12,"19 Aug, 2026",2026-09-12 02:28:05,https://e.dra.gov.pk/public/price
Paracetamol,Paracetamol 120Susp(As per SRO 229) Paracetamol 120 mg,029575,Wilson's Pharmaceuticals DML: 000239,Essential Drugs,60ml,60.99,Rs 60.99,"01 Jul, 2024",2026-09-12 02:28:05,https://e.dra.gov.pk/public/price
Paracetamol,Paracetamol 250 Susp(As per SRO 229) Paracetamol 250 mg,029576,Wilson's Pharmaceuticals DML: 000239,Essential Drugs,60ml,87.74,Rs 87.74,"01 Jul, 2024",2026-09-12 02:28:05,https://e.dra.gov.pk/public/price
Paracetamol,Paracetamol 500mg Each tablet contain: Paracetamol 500mg,002278,P.D.H Pharmaceuticals (Pvt) Ltd DML: 000459,Essential Drugs,20 x 10's,762.93,Rs 762.93,"27 Jul, 2026",2026-09-12 02:28:05,https://e.dra.gov.pk/public/price
Paracetamol,PARACETAMOL 500mg TABLET Each Tablet Contains:-Paracetamol……..…500 mg,008731,MS SIZA INTERNATIONAL PVT LTD. DML: 000259,Essential Drugs,"1,s",3.53,Rs 3.53,"27 Jul, 2026",2026-09-12 02:28:05,https://e.dra.gov.pk/public/price
Paracetamol,Paracetamol 500mg Tablets Paracetamol 500mg,029574,Wilson's Pharmaceuticals DML: 000239,Essential Drugs,200's,651.37,Rs 651.37,"01 Jul, 2024",2026-09-12 02:28:05,https://e.dra.gov.pk/public/price
Paracetamol,Paracetamol Suspension Paracetamol 120mg/5ml,032400,Werrick Pharmaceuticals DML: 000340,Essential Drugs,60ml,66.01,Rs 66.01,"17 Aug, 2026",2026-09-12 02:28:05,https://e.dra.gov.pk/public/price
Paracetamol,Paracetamol Suspension Paracetamol 250mg/5ml,029559,Werrick Pharmaceuticals DML: 000340,Essential Drugs,60ml,94.97,Rs 94.97,"17 Aug, 2026",2026-09-12 02:28:05,https://e.dra.gov.pk/public/price
Ibuprofen,IBUPROFEN 200mg TABLET Each tablet contains:-Ibuprofen ………………………….… 200 mg,008726,MS SIZA INTERNATIONAL PVT LTD. DML: 000259,Essential Drugs,"30,s",48.53,Rs 48.53,"27 Jul, 2026",2026-09-12 02:28:13,https://e.dra.gov.pk/public/price
Ibuprofen,IBUPROFEN 200mg TABLET Each tablet contains:-Ibuprofen ………………………….… 200 mg,008726,MS SIZA INTERNATIONAL PVT LTD. DML: 000259,Essential Drugs,"50*10,s",1077.79,"Rs 1,077.79","27 Jul, 2026",2026-09-12 02:28:13,https://e.dra.gov.pk/public/price
Ibuprofen,IBUPROFEN 400mg TABLET Each tablet contains:-Ibuprofen ………………………...… 400 mg,008727,MS SIZA INTERNATIONAL PVT LTD. DML: 000259,Essential Drugs,"25*10,s",903.63,Rs 903.63,"27 Jul, 2026",2026-09-12 02:28:13,https://e.dra.gov.pk/public/price
Ibuprofen,Ibuprofen 400mg/4ml Injection,119680,Wimits Pharmaceuticals Pvt. Ltd DML: 000789,Essential Drugs,4ml x 10's,1982.68,"Rs 1,982.68","25 Aug, 2026",2026-09-12 02:28:13,https://e.dra.gov.pk/public/price
Ibuprofen,Ibuprofen 800mg/8ml Injection,121577,Wimits Pharmaceuticals Pvt. Ltd DML: 000789,Essential Drugs,1's,417.19,Rs 417.19,"25 Aug, 2026",2026-09-12 02:28:13,https://e.dra.gov.pk/public/price
Ibuprofen,Ibuprofen 800mg/8ml Injection,121577,Wimits Pharmaceuticals Pvt. Ltd DML: 000789,Essential Drugs,10's,4004.62,"Rs 4,004.62","25 Aug, 2026",2026-09-12 02:28:13,https://e.dra.gov.pk/public/price
Ibuprofen,Ibuprofen Oral Suspension Ibuprofen 100mg Suspension,071547,Paradise Pharma DML: 000742,Essential Drugs,450ml,480.62,Rs 480.62,"27 Jul, 2026",2026-09-12 02:28:13,https://e.dra.gov.pk/public/price
Ibuprofen,Ibuprofen Oral Suspension Ibuprofen 100mg Suspension,071547,Paradise Pharma DML: 000742,Essential Drugs,90ml,98.44,Rs 98.44,"27 Jul, 2026",2026-09-12 02:28:13,https://e.dra.gov.pk/public/price
Ibuprofen,Ibuprofen Oral Suspension Ibuprofen 100mg Suspension,071547,Paradise Pharma DML: 000742,Essential Drugs,60ml,63.7,Rs 63.70,"27 Jul, 2026",2026-09-12 02:28:13,https://e.dra.gov.pk/public/price
Ibuprofen,Ibuprofen Suspension (100mg/5ml),077270,Wimits Pharmaceuticals Pvt. Ltd DML: 000789,Essential Drugs,90ml,82.4,Rs 82.40,"25 Aug, 2026",2026-09-12 02:28:13,https://e.dra.gov.pk/public/price
Ibuprofen,Ibuprofen Suspension (100mg/5ml),077270,Wimits Pharmaceuticals Pvt. Ltd DML: 000789,Essential Drugs,120ml,135.5,Rs 135.50,"25 Aug, 2026",2026-09-12 02:28:13,https://e.dra.gov.pk/public/price
Ibuprofen,Ibuprofen Suspension (100mg/5ml),077270,Wimits Pharmaceuticals Pvt. Ltd DML: 000789,Essential Drugs,450ml,351.52,Rs 351.52,"25 Aug, 2026",2026-09-12 02:28:13,https://e.dra.gov.pk/public/price
Ibuprofen,IBUPROFEN Tablet 200mg Each Tablet contains:Ibuprofen …………..200mg,009309,Geofman Pharmaceuticals DML: 000090,Low Price Drugs,50x10's,1032.72,"Rs 1,032.72","23 Jul, 2026",2026-09-12 02:28:13,https://e.dra.gov.pk/public/price
Ibuprofen,IBUPROFEN Tablet 400mg Each Tablet contains:Ibuprofen …………..400mg,009308,Geofman Pharmaceuticals DML: 000090,Essential Drugs,25 x 10's,929.55,Rs 929.55,"23 Jul, 2026",2026-09-12 02:28:13,https://e.dra.gov.pk/public/price
Ibuprofen,Ibuprofen Tablets (Ibuprofen BP) 400mg,007694,Zafa Pharmaceutical Laboratories (Pvt) Ltd. DML: 000040,Essential Drugs,25 x 10's,913.13,Rs 913.13,"27 Jul, 2026",2026-09-12 02:28:13,https://e.dra.gov.pk/public/price
Ibuprofen,Ibuprofen Tablets (Ibuprofen BP) 400mg,007694,Zafa Pharmaceutical Laboratories (Pvt) Ltd. DML: 000040,Low Price Drugs,25's,55.76,Rs 55.76,"27 Jul, 2026",2026-09-12 02:28:13,https://e.dra.gov.pk/public/price
Ibuprofen,Ibuprofen Tablets (Ibuprofen BP) 400mg,007694,Zafa Pharmaceutical Laboratories (Pvt) Ltd. DML: 000040,Essential Drugs,250's,913.13,Rs 913.13,"27 Jul, 2026",2026-09-12 02:28:13,https://e.dra.gov.pk/public/price
Ibuprofen,Ibuprofen Tablets (Ibuprofen BP) 200mg,007693,Zafa Pharmaceutical Laboratories (Pvt) Ltd. DML: 000040,Essential Drugs,30's,122.3,Rs 122.30,"27 Jul, 2026",2026-09-12 02:28:13,https://e.dra.gov.pk/public/price
Ibuprofen,Ibuprofen Tablets (Ibuprofen BP) 200mg,007693,Zafa Pharmaceutical Laboratories (Pvt) Ltd. DML: 000040,Essential Drugs,50 x 10's,2025.54,"Rs 2,025.54","27 Jul, 2026",2026-09-12 02:28:13,https://e.dra.gov.pk/public/price
Ibuprofen,Ibuprofen Tablets (Ibuprofen BP) 200mg,007693,Zafa Pharmaceutical Laboratories (Pvt) Ltd. DML: 000040,Low Price Drugs,500's,1149.81,"Rs 1,149.81","27 Jul, 2026",2026-09-12 02:28:13,https://e.dra.gov.pk/public/price
Cefixime,Omixim Capsule 200mg (Cefixime) Each capsule contains Cefixime (as trihydrate) 200mg,062442,The Searle Company Limited DML: 000647,Essential Drugs,10's,646.45,Rs 646.45,"23 Jul, 2026",2026-09-12 02:28:20,https://e.dra.gov.pk/public/price
Cefixime,Omixim Capsule 400mg (Cefixime) Each capsule contains Cefixime (as trihydrate) 400mg,062441,The Searle Company Limited DML: 000647,Essential Drugs,5's,592.03,Rs 592.03,"23 Jul, 2026",2026-09-12 02:28:20,https://e.dra.gov.pk/public/price
Cefixime,Omixim Suspension 100mg (Cefixime) Each 5ml contains Cefixime (as trihydrate) 100mg,062443,The Searle Company Limited DML: 000647,Essential Drugs,30ml,330.38,Rs 330.38,"23 Jul, 2026",2026-09-12 02:28:20,https://e.dra.gov.pk/public/price
Cefixime,Stork 100mg/5ml DSEach 5ml reconsituted suspension Contains:Cefixime (as Trihydrate)…..100mg Each 5ml reconsituted suspension Contains:Cefixime (as Trihydrate)…..200mg,121416,UniMark Pharmaceuticals Pvt. Ltd. DML: 000557,Essential Drugs,30ml,330.39,Rs 330.39,"20 Aug, 2026",2026-09-12 02:28:20,https://e.dra.gov.pk/public/price
Ceftriaxone,Ceftriaxone (as Sodium)500mg (IM) Inj Seftrix injection 500mg I.MEach vial Contains:Ceftriaxone (as Sodium) …..500mg(USP Spec.),086387,Pharma Lord (Pvt) Ltd DML: 000774,Essential Drugs,1's,346.15,Rs 346.15,"27 Jul, 2026",2026-09-12 02:28:26,https://e.dra.gov.pk/public/price
Ceftriaxone,Tefno Injection 1gm IM (Ceftriaxone) Each vial contains Ceftriaxone as Sodium 1g,090325,The Searle Company Limited DML: 000647,Essential Drugs,1's,662.97,Rs 662.97,"23 Jul, 2026",2026-09-12 02:28:26,https://e.dra.gov.pk/public/price
Ceftriaxone,Tefno Injection 250mg IM (Ceftriaxone) Each vial contains Ceftriaxone as Sodium 250mg,090323,The Searle Company Limited DML: 000647,Essential Drugs,1's,208.6,Rs 208.60,"23 Jul, 2026",2026-09-12 02:28:26,https://e.dra.gov.pk/public/price
Ceftriaxone,Tefno Injection 250mg IV (Ceftriaxone) Each vial contains Ceftriaxone Sodium eq. to Ceftriaxone 250mg,062440,The Searle Company Limited DML: 000647,Essential Drugs,1's,208.6,Rs 208.60,"23 Jul, 2026",2026-09-12 02:28:26,https://e.dra.gov.pk/public/price
Ceftriaxone,Tefno Injection 500mg IM (Ceftriaxone) Each vial contains Ceftriaxone as Sodium 500mg,090324,The Searle Company Limited DML: 000647,Essential Drugs,1's,351.11,Rs 351.11,"23 Jul, 2026",2026-09-12 02:28:26,https://e.dra.gov.pk/public/price
Ceftriaxone,Tefno Injection 500mg IV (Ceftriaxone) Each vial contains Ceftriaxone Sodium eq. to Ceftriaxone 500mg,062439,The Searle Company Limited DML: 000647,Essential Drugs,1's,351.11,Rs 351.11,"23 Jul, 2026",2026-09-12 02:28:26,https://e.dra.gov.pk/public/price
Ceftriaxone,Tefno Injection1gm IV (Ceftriaxone) Each vial contains Ceftriaxone Sodium eq. to Ceftriaxone 1g,062438,The Searle Company Limited DML: 000647,Essential Drugs,1's,662.97,Rs 662.97,"23 Jul, 2026",2026-09-12 02:28:27,https://e.dra.gov.pk/public/price
Clarithromycin,Claraze 250 mg TabletEach Tablet contains:Clarithromycin 250 mg Claraze 250 mg TabletEach Tablet contains:Clarithromycin 250 mg,073446,Sante (Private) Limited DML: 000702,Essential Drugs,10's,526.21,Rs 526.21,"27 Jul, 2026",2026-09-12 02:28:33,https://e.dra.gov.pk/public/price
Clarithromycin,Claraze 500 mg TabletEach Tablet contains:Clarithromycin 500 mg Claraze 500 mg TabletEach Tablet contains:Clarithromycin 500 mg,073447,Sante (Private) Limited DML: 000702,Essential Drugs,10's,919.08,Rs 919.08,"27 Jul, 2026",2026-09-12 02:28:33,https://e.dra.gov.pk/public/price
Clarithromycin,CLARITHROMYCIN 250mg tabs clarithromycin 250mg / tab,045151,Adamjee Pharmaceuticals (Pvt) Ltd DML: 000236,Essential Drugs,10's,488.71,Rs 488.71,"20 Aug, 2026",2026-09-12 02:28:33,https://e.dra.gov.pk/public/price
Clarithromycin,CLARITHROMYCIN 500mg tabs clarithromycin 500mg / tab,045152,Adamjee Pharmaceuticals (Pvt) Ltd DML: 000236,Essential Drugs,10's,906.14,Rs 906.14,"20 Aug, 2026",2026-09-12 02:28:33,https://e.dra.gov.pk/public/price
Clarithromycin,Clarithromycin Semos Dry Suspension 125mg/5ml Each 5ml contains: Clarithromycin enteric coated taste masked granules eq to Clarithromycin.……..125mg (USP Specifications),104187,Semos Pharmaceuticals PVT LTD DML: 000335,Essential Drugs,60ml,345.22,Rs 345.22,"05 Sep, 2025",2026-09-12 02:28:33,https://e.dra.gov.pk/public/price
Clarithromycin,Clarithromycin Semos Dry Suspension 250mg/5ml Each 5ml contains: Clarithromycin enteric coated taste masked granules eq to Clarithromycin…..... 250mg (USP Specifications),104188,Semos Pharmaceuticals PVT LTD DML: 000335,Essential Drugs,60ml,569.7,Rs 569.70,"05 Sep, 2025",2026-09-12 02:28:33,https://e.dra.gov.pk/public/price
Clarithromycin,Clarithromycin Semos Tablet 250mg Each film coated tablet contains: Clarithromycin ………. 250mg (USP Specifications),104185,Semos Pharmaceuticals PVT LTD DML: 000335,Essential Drugs,10's,371.54,Rs 371.54,"05 Sep, 2025",2026-09-12 02:28:33,https://e.dra.gov.pk/public/price
Clarithromycin,Clarithromycin Semos Tablet 500mg Each film coated tablet contains: Clarithromycin ………. 500mg (USP Specifications),104186,Semos Pharmaceuticals PVT LTD DML: 000335,Essential Drugs,10's,619.24,Rs 619.24,"05 Sep, 2025",2026-09-12 02:28:33,https://e.dra.gov.pk/public/price
Clarithromycin,Clariza 250 mg Tablet (Clarithromycin ) 250mg Each film-coated tablet contains Clarithromycin 250mg,054513,The Searle Company Limited DML: 000647,Essential Drugs,10’s,506.06,Rs 506.06,"23 Jul, 2026",2026-09-12 02:28:33,https://e.dra.gov.pk/public/price
Clarithromycin,Clariza 500 mg Tablet (Clarithromycin ) 500mg Each film-coated tablet contains Clarithromycin 500mg,054514,The Searle Company Limited DML: 000647,Essential Drugs,10’s,826.13,Rs 826.13,"23 Jul, 2026",2026-09-12 02:28:33,https://e.dra.gov.pk/public/price
Clarithromycin,Clariza XL 500mg Tablet (Clarithromycin ) 500mg Each film-coated prolonged release tablet contains Clarithromycin 500mg,069062,The Searle Company Limited DML: 000647,Essential Drugs,1's,92.95,Rs 92.95,"23 Jul, 2026",2026-09-12 02:28:33,https://e.dra.gov.pk/public/price
Clarithromycin,Clariza XL 500mg Tablet (Clarithromycin ) 500mg Each film-coated prolonged release tablet contains Clarithromycin 500mg,069062,The Searle Company Limited DML: 000647,Essential Drugs,5’s,427.52,Rs 427.52,"23 Jul, 2026",2026-09-12 02:28:33,https://e.dra.gov.pk/public/price
Clarithromycin,Zeclar 250 mg Tablets Clarithromycin……..250mg Zeclar 250 mg Tablets Clarithromycin……..250mg,055694,S.J & G. Fazul Ellahie (pvt) limited. DML: 000083,Essential Drugs,10's,511.85,Rs 511.85,"20 Aug, 2026",2026-09-12 02:28:33,https://e.dra.gov.pk/public/price
Clarithromycin,Zeclar 250mg / 5ml Suspension Clarithromycin Zeclar 250mg / 5ml Suspension Clarithromycin,092811,S.J & G. Fazul Ellahie (pvt) limited. DML: 000083,Essential Drugs,60ml,729.43,Rs 729.43,"20 Aug, 2026",2026-09-12 02:28:34,https://e.dra.gov.pk/public/price
Clarithromycin,Zeclar 500 mg Injection Clarithromycin …….. 500mg Zeclar 500 mg Injection Clarithromycin …….. 500mg,055181,S.J & G. Fazul Ellahie (pvt) limited. DML: 000083,Essential Drugs,Vial,170.62,Rs 170.62,"20 Aug, 2026",2026-09-12 02:28:34,https://e.dra.gov.pk/public/price
Clarithromycin,Zeclar ER 500 mg Tablets Clarithromycin …… 500mg Zeclar ER 500 mg Tablets Clarithromycin …… 500mg,092816,S.J & G. Fazul Ellahie (pvt) limited. DML: 000083,Essential Drugs,5's,401.86,Rs 401.86,"20 Aug, 2026",2026-09-12 02:28:34,https://e.dra.gov.pk/public/price
Clarithromycin,Zeclar Suspension 125mg / 5ml Clarithromycin …….. 125mg Zeclar Suspension 125mg / 5ml Clarithromycin …….. 125mg,055693,S.J & G. Fazul Ellahie (pvt) limited. DML: 000083,Essential Drugs,60 ml,460.52,Rs 460.52,"20 Aug, 2026",2026-09-12 02:28:34,https://e.dra.gov.pk/public/price
Omeprazole,Mep-Med 40mg capsule Omeprazole Each capsule contains. Omeprazole 40 mg,053273,Mediate Pharmaceutical Pvt Ltd DML: 000167,Essential Drugs,10,314.98,Rs 314.98,"27 Jan, 2026",2026-09-12 02:28:46,https://e.dra.gov.pk/public/price
Omeprazole,Mep-Med 40mg capsule Omeprazole Each capsule contains. Omeprazole 40 mg,053273,Mediate Pharmaceutical Pvt Ltd DML: 000167,Essential Drugs,14,439.92,Rs 439.92,"27 Jan, 2026",2026-09-12 02:28:46,https://e.dra.gov.pk/public/price
Omeprazole,Omeprazole 20mg Capsule Each capsule contains:- Omeprazole Enteric coated Pellets eq. to omeprazole…. 20mg,108320,Batala Pharmaceuticals DML: 000477,Essential Drugs,10 x 10's,1412.08,"Rs 1,412.08","01 Jul, 2025",2026-09-12 02:28:46,https://e.dra.gov.pk/public/price
Omeprazole,Omeprazole 20mg Capsule Each capsule contains:- Omeprazole Enteric coated Pellets eq. to omeprazole…. 20mg,108320,Batala Pharmaceuticals DML: 000477,Essential Drugs,14's,205.93,Rs 205.93,"01 Jul, 2025",2026-09-12 02:28:46,https://e.dra.gov.pk/public/price
Omeprazole,Omeprazole 40mg Capsule Each capsule contains:- Omeprazole Enteric coated Pellets eq. to omeprazole…. 40mg,108319,Batala Pharmaceuticals DML: 000477,Essential Drugs,14's,357.52,Rs 357.52,"01 Jul, 2025",2026-09-12 02:28:46,https://e.dra.gov.pk/public/price
Omeprazole,Romeprazole Capsule Omeprazole 20mg,071415,Arsons Pharmaceutical Industries (Pvt) Ltd DML: 000514,Essential Drugs,2x7s,250.8,Rs 250.80,"01 Jul, 2025",2026-09-12 02:28:46,https://e.dra.gov.pk/public/price
Omeprazole,Romeprazole Capsule Omeprazole 20mg,071415,Arsons Pharmaceutical Industries (Pvt) Ltd DML: 000514,Essential Drugs,10x10s,1647.61,"Rs 1,647.61","01 Jul, 2025",2026-09-12 02:28:46,https://e.dra.gov.pk/public/price
Omeprazole,Romeprazole Capsule Omeprazole 20mg,071415,Arsons Pharmaceutical Industries (Pvt) Ltd DML: 000514,Essential Drugs,1x10s,179.39,Rs 179.39,"01 Jul, 2025",2026-09-12 02:28:47,https://e.dra.gov.pk/public/price
Omeprazole,Vify 20 mg Injection Omeprazole …….. 20mg (as Sodium) Vify 20 mg Injection Omeprazole …….. 20mg (as Sodium),061432,S.J & G. Fazul Ellahie (pvt) limited. DML: 000083,Essential Drugs,1's vial,373.24,Rs 373.24,"20 Aug, 2026",2026-09-12 02:28:47,https://e.dra.gov.pk/public/price
Omeprazole,Vify 20 mg Injection Omeprazole …….. 20mg (as Sodium) Vify 20 mg Injection Omeprazole …….. 20mg (as Sodium),061432,S.J & G. Fazul Ellahie (pvt) limited. DML: 000083,Essential Drugs,25's,8957.61,"Rs 8,957.61","20 Aug, 2026",2026-09-12 02:28:47,https://e.dra.gov.pk/public/price
Aspirin,Aspirin tablet Aspirin..300mg,019395,AMROS PHARMACEUTICALS DML: 000406,Low Price Drugs,1000's,446.86,Rs 446.86,"17 Aug, 2026",2026-09-12 02:28:59,https://e.dra.gov.pk/public/price
Aspirin,Aspirin Tablet,011711,Xenon Pharmaceuticals (Pvt.) Ltd DML: 000077,Low Price Drugs,1000's,125.46,Rs 125.46,"30 Jun, 2026",2026-09-12 02:28:59,https://e.dra.gov.pk/public/price
Methotrexate,Methotrexate Tablets 10mg Methotrexate 10mg,025085,Werrick Pharmaceuticals DML: 000340,Essential Drugs,10's,628.51,Rs 628.51,"17 Aug, 2026",2026-09-12 02:29:12,https://e.dra.gov.pk/public/price
Methotrexate,Methotrexate Tablets 2.5mg Methotrexate 2.5mg,025084,Werrick Pharmaceuticals DML: 000340,Essential Drugs,100's,3104.91,"Rs 3,104.91","17 Aug, 2026",2026-09-12 02:29:12,https://e.dra.gov.pk/public/price
Methotrexate,Mextu 1000mg/40ml solution for injection (methotrexate) Mextu 1000mg/40ml solution for injection (methotrexate),110491,PUNJAB MEDICAL SERVICES DSL: 05-352-0063-041061D,Essential Drugs,1's,3810.42,"Rs 3,810.42","27 Jul, 2026",2026-09-12 02:29:12,https://e.dra.gov.pk/public/price
Methotrexate,Mextu 500mg/20ml solution for injection (methotrexate) Mextu 500mg/20ml solution for injection (methotrexate),106826,PUNJAB MEDICAL SERVICES DSL: 05-352-0063-041061D,Essential Drugs,1's,2286.25,"Rs 2,286.25","27 Jul, 2026",2026-09-12 02:29:12,https://e.dra.gov.pk/public/price
Methotrexate,Mextu 50mg/2ml solution for injection (methotrexate) Mextu 50mg/2ml solution for injection (methotrexate),106825,PUNJAB MEDICAL SERVICES DSL: 05-352-0063-041061D,Essential Drugs,1's,353.82,Rs 353.82,"27 Jul, 2026",2026-09-12 02:29:12,https://e.dra.gov.pk/public/price
Ondansetron,Ondansetron 4ml Inj. (Each 4ml contain: Ondansetron as HCl dihydrate USP 8mg),110920,Bajwa Pharmaceuticals (Pvt.) Ltd. DML: 000805,Essential Drugs,4ml x 1's,1031.23,"Rs 1,031.23","27 Jul, 2026",2026-09-12 02:29:19,https://e.dra.gov.pk/public/price
Ondansetron,Ondansetron 4ml Inj. (Each 4ml contain: Ondansetron as HCl dihydrate USP 8mg),110920,Bajwa Pharmaceuticals (Pvt.) Ltd. DML: 000805,Essential Drugs,4ml x 5's,5156.19,"Rs 5,156.19","27 Jul, 2026",2026-09-12 02:29:19,https://e.dra.gov.pk/public/price
Ondansetron,Ondansetron 8mg/4ml injection Each 4ml contains: Ondansetron as HCL Dihydrate………8mg (USP Specifications),121593,VENUS PHARMA DML: 000300,Essential Drugs,5'sx4ml,3926.16,"Rs 3,926.16","01 Jul, 2025",2026-09-12 02:29:19,https://e.dra.gov.pk/public/price
Ondansetron,Ondansetron Normon 8mg Injection Ondansetron 8mg,081802,Merixil Pharma DSL: DHO-ISB-1745,Essential Drugs,5's,4773.43,"Rs 4,773.43","27 Jul, 2026",2026-09-12 02:29:19,https://e.dra.gov.pk/public/price
Ondansetron,ONDANSETRON-SANDOZ 8MG/4ML SOLUTION FOR INJECTION Each ml contains:Ondansetron HCl 2.494mg eq. to Ondanserton 2mg,114227,AGP Limited DSL: 001,Essential Drugs,4ml,1045.64,"Rs 1,045.64","23 Jul, 2026",2026-09-12 02:29:19,https://e.dra.gov.pk/public/price
Fluconazole,Sanflucan 150mg CapsuleEach Capsule Contains:Fluconazole…………150mg Sanflucan 150mg CapsuleEach Capsule Contains:Fluconazole…………150mg,088917,Sante (Private) Limited DML: 000702,Essential Drugs,1's,282.92,Rs 282.92,"27 Jul, 2026",2026-09-12 02:29:25,https://e.dra.gov.pk/public/price
Fluconazole,Sanflucan 200mg CapsuleEach capsule contains:Fluconazole ……….200mg Sanflucan 200mg CapsuleEach capsule contains:Fluconazole ……….200mg,086046,Sante (Private) Limited DML: 000702,Essential Drugs,4's,1004.79,"Rs 1,004.79","27 Jul, 2026",2026-09-12 02:29:25,https://e.dra.gov.pk/public/price
Fluconazole,Sanflucan 50mg CapsuleEach capsule contains:Fluconazole ……….50mg Sanflucan 50mg CapsuleEach capsule contains:Fluconazole ……….50mg,086044,Sante (Private) Limited DML: 000702,Essential Drugs,7's,916.28,Rs 916.28,"27 Jul, 2026",2026-09-12 02:29:25,https://e.dra.gov.pk/public/price
Fluconazole,Zocon Tablets (Fluconazole)150mg Each tablet contains Fluconazole 150mg,060480,The Searle Company Limited DML: 000647,Essential Drugs,1's,189.76,Rs 189.76,"23 Jul, 2026",2026-09-12 02:29:25,https://e.dra.gov.pk/public/price
Cefotaxime,Fastimax Injection 500mg Cefotaxime Sodium eq. to Cefotaxime .. 500mg Fastimax Injection 500mg Cefotaxime Sodium eq. to Cefotaxime .. 500mg,044316,S.J & G. Fazul Ellahie (pvt) limited. DML: 000083,Essential Drugs,Vial,170.62,Rs 170.62,"20 Aug, 2026",2026-09-12 02:29:32,https://e.dra.gov.pk/public/price
Amikacin,Amikacin Injection (Amikacin Sulphate • Amikacin 250mg),031284,Zafa Pharmaceutical Laboratories (Pvt) Ltd. DML: 000513,Essential Drugs,1's,117.29,Rs 117.29,"27 Jul, 2026",2026-09-12 02:29:39,https://e.dra.gov.pk/public/price
Amikacin,Amikacin Injection (Amikacin Sulphate • Amikacin 500mg),031285,Zafa Pharmaceutical Laboratories (Pvt) Ltd. DML: 000513,Essential Drugs,1's,227.19,Rs 227.19,"27 Jul, 2026",2026-09-12 02:29:39,https://e.dra.gov.pk/public/price
Amikacin,Amikacin Injection (Amikacin Sulphate • Amikacin 1gm),031286,Zafa Pharmaceutical Laboratories (Pvt) Ltd. DML: 000513,Essential Drugs,1's,413.07,Rs 413.07,"27 Jul, 2026",2026-09-12 02:29:39,https://e.dra.gov.pk/public/price
Amikacin,Amikacin Injection (Amikacin Sulphate • Amikacin 100mg),031283,Zafa Pharmaceutical Laboratories (Pvt) Ltd. DML: 000513,Essential Drugs,1's,61.96,Rs 61.96,"27 Jul, 2026",2026-09-12 02:29:39,https://e.dra.gov.pk/public/price
Clopidogrel,Clogpid Tablets 75 mg Clopidogrel (as Bisulphate) ..75mg Clogpid Tablets 75 mg Clopidogrel (as Bisulphate) ..75mg,032401,S.J & G. Fazul Ellahie (pvt) limited. DML: 000083,Essential Drugs,10's,293.11,Rs 293.11,"20 Aug, 2026",2026-09-12 02:29:45,https://e.dra.gov.pk/public/price
Moxifloxacin,Megamox 200mg TabletsEach tablet contians:Moxifloxacin USP 200mg Megamox 200mg TabletsEach tablet contians:Moxifloxacin USP 200mg,039285,Sante (Private) Limited DML: 000702,Essential Drugs,10's,484.33,Rs 484.33,"27 Jul, 2026",2026-09-12 02:30:04,https://e.dra.gov.pk/public/price
Moxifloxacin,Santomox 400mg TabletsEach tablet contains:Moxifloxacin USP 400mg Santomox 400mg TabletsEach tablet contains:Moxifloxacin USP 400mg,037031,Sante (Private) Limited DML: 000702,Essential Drugs,5's,994.59,Rs 994.59,"27 Jul, 2026",2026-09-12 02:30:04,https://e.dra.gov.pk/public/price
Grasil,GRASIL 100mg Injection Amikacin Sulphate,019704,SAMI Pharmaceuticals Pvt. Ltd. DML: 000072,Essential Drugs,2 ml,169.15,Rs 169.15,"23 Jul, 2026",2026-09-12 02:30:29,https://e.dra.gov.pk/public/price
Grasil,GRASIL 250mg Injection Amikacin Sulphate,013530,SAMI Pharmaceuticals Pvt. Ltd. DML: 000072,Essential Drugs,2 ml,341.19,Rs 341.19,"23 Jul, 2026",2026-09-12 02:30:29,https://e.dra.gov.pk/public/price
Grasil,GRASIL 25mg Injection Amikacin Sulphate,047143,SAMI Pharmaceuticals Pvt. Ltd. DML: 000072,Essential Drugs,1 ml,46.18,Rs 46.18,"23 Jul, 2026",2026-09-12 02:30:29,https://e.dra.gov.pk/public/price
Grasil,GRASIL 500mg Injection Amikacin Sulphate,014251,SAMI Pharmaceuticals Pvt. Ltd. DML: 000072,Essential Drugs,2 ml,483.16,Rs 483.16,"23 Jul, 2026",2026-09-12 02:30:29,https://e.dra.gov.pk/public/price
Grasil,GRASIL 50mg Injection Amikacin Sulphate,047144,SAMI Pharmaceuticals Pvt. Ltd. DML: 000072,Essential Drugs,1 ml,57.64,Rs 57.64,"23 Jul, 2026",2026-09-12 02:30:29,https://e.dra.gov.pk/public/price
Emesson,Emesson 4 mg Tablet Ondansetron 4 mg,110632,Highnoon Laboratories Ltd DML: 000155,Essential Drugs,10,767.3,Rs 767.30,"27 Jul, 2026",2026-09-12 02:30:36,https://e.dra.gov.pk/public/price
Emesson,Emesson 4mg/5ml Oral Solution Ondansetron 4mg/5 ml,110633,Highnoon Laboratories Ltd DML: 000155,Essential Drugs,50ml,743.51,Rs 743.51,"27 Jul, 2026",2026-09-12 02:30:36,https://e.dra.gov.pk/public/price
Emesson,Emesson 8 mg Tablet Ondansetron 8 mg,110634,Highnoon Laboratories Ltd DML: 000155,Essential Drugs,10,1278.84,"Rs 1,278.84","27 Jul, 2026",2026-09-12 02:30:36,https://e.dra.gov.pk/public/price
Emesson,Emesson Injection 4 mg Ondansetron 4 mg,110994,Highnoon Laboratories Ltd DML: 000155,Essential Drugs,1,572.5,Rs 572.50,"27 Jul, 2026",2026-09-12 02:30:36,https://e.dra.gov.pk/public/price
Emesson,Emesson Injection 4 mg Ondansetron 4 mg,110994,Highnoon Laboratories Ltd DML: 000155,Essential Drugs,5,2538.84,"Rs 2,538.84","27 Jul, 2026",2026-09-12 02:30:36,https://e.dra.gov.pk/public/price
Emesson,Emesson Injection 8 mg Ondansetron 8 mg,110635,Highnoon Laboratories Ltd DML: 000155,Essential Drugs,1,768.79,Rs 768.79,"27 Jul, 2026",2026-09-12 02:30:36,https://e.dra.gov.pk/public/price
Emesson,Emesson Injection 8 mg Ondansetron 8 mg,110635,Highnoon Laboratories Ltd DML: 000155,Essential Drugs,5,3843.95,"Rs 3,843.95","27 Jul, 2026",2026-09-12 02:30:36,https://e.dra.gov.pk/public/price
Gamet,Gamet Capsules Each Capsule Contains:Artemether ……….. 20 mg Lumefantrine ……….. 120 mg,056266,Glitz Pharma DML: 000571,Essential Drugs,1 x 16's,574.8,Rs 574.80,"04 Sep, 2025",2026-09-12 02:30:42,https://e.dra.gov.pk/public/price
Gamet,Gamet DS Capsules Each Capsule Contains:Artemether ……….. 40 mg Lumefantrine ……….. 240 mg,060191,Glitz Pharma DML: 000571,Essential Drugs,8's,474.21,Rs 474.21,"04 Sep, 2025",2026-09-12 02:30:42,https://e.dra.gov.pk/public/price
Gamet,Vegamet -200 tablets Each tablets contains: Cimetidine …. 200mg (USP Specs.),028319,VENUS PHARMA DML: 000300,Essential Drugs,2x10,47.53,Rs 47.53,"01 Jul, 2025",2026-09-12 02:30:42,https://e.dra.gov.pk/public/price
Gamet,Vegamet -200 tablets Each tablets contains: Cimetidine …. 200mg (USP Specs.),028319,VENUS PHARMA DML: 000300,Essential Drugs,20x10,369.37,Rs 369.37,"01 Jul, 2025",2026-09-12 02:30:42,https://e.dra.gov.pk/public/price
Gamet,Vegamet -200 tablets Each tablets contains: Cimetidine …. 200mg (USP Specs.),028319,VENUS PHARMA DML: 000300,Essential Drugs,1x200's,366.66,Rs 366.66,"01 Jul, 2025",2026-09-12 02:30:42,https://e.dra.gov.pk/public/price
Gamet,Vegamet – 400 tablets Each tablets contains: Cimetidine ….. 400mg (USP Specs.),028320,VENUS PHARMA DML: 000300,Essential Drugs,1x10,43.46,Rs 43.46,"01 Jul, 2025",2026-09-12 02:30:42,https://e.dra.gov.pk/public/price
Gamet,Vegamet – 400 tablets Each tablets contains: Cimetidine ….. 400mg (USP Specs.),028320,VENUS PHARMA DML: 000300,Essential Drugs,10x10,332.7,Rs 332.70,"01 Jul, 2025",2026-09-12 02:30:42,https://e.dra.gov.pk/public/price
Gamet,Vegamet – 400 tablets Each tablets contains: Cimetidine ….. 400mg (USP Specs.),028321,VENUS PHARMA DML: 000300,Essential Drugs,1x100's,399.25,Rs 399.25,"01 Jul, 2025",2026-09-12 02:30:42,https://e.dra.gov.pk/public/price
Ventolin,Ventolin Evohaler Salbutamol sulphate 100mcg,041195,GSK Pakistan Limited DSL: 066,Essential Drugs,200 doses,413.07,Rs 413.07,"23 Jul, 2026",2026-09-12 02:30:49,https://e.dra.gov.pk/public/price
Ventolin,Ventolin Injection Salbutamol 0.5mg/ml,089274,GlaxoSmithKline Pakistan Limited DML: 000248,Essential Drugs,5's,195.69,Rs 195.69,"23 Jul, 2026",2026-09-12 02:30:49,https://e.dra.gov.pk/public/price
Ventolin,Ventolin respirator solution Salbutamol 0.5% w/v,013350,GlaxoSmithKline Pakistan Limited DML: 000017,Essential Drugs,20ml,72.29,Rs 72.29,"23 Jul, 2026",2026-09-12 02:30:49,https://e.dra.gov.pk/public/price
Sim-stat,SIM-STAT Each tablet contains Simvastatin ….......40mg,031675,CCL Pharmaceuticals (Pvt.) Ltd. DML: 000052,Essential Drugs,10's,722.86,Rs 722.86,"23 Jul, 2026",2026-09-12 02:31:12,https://e.dra.gov.pk/public/price
Sim-stat,SIM-STAT Each tablet containsSimvastatin….........20mg,031674,CCL Pharmaceuticals (Pvt.) Ltd. DML: 000052,Essential Drugs,10's,567.96,Rs 567.96,"23 Jul, 2026",2026-09-12 02:31:12,https://e.dra.gov.pk/public/price
Sim-stat,SIM-STAT Each tablet containsSimvastatin …........10mg,031673,CCL Pharmaceuticals (Pvt.) Ltd. DML: 000052,Essential Drugs,10's,351.1,Rs 351.10,"23 Jul, 2026",2026-09-12 02:31:12,https://e.dra.gov.pk/public/price
Jardy,JARDY Each film coated tablet contains:Empagliflozin…..........................25mg,094003,CCL Pharmaceuticals (Pvt.) Ltd. DML: 000052,Essential Drugs,14's,1529.29,"Rs 1,529.29","23 Jul, 2026",2026-09-12 02:31:18,https://e.dra.gov.pk/public/price
Jardy,JARDY Each film coated tablet contains:Empagliflozin…..........................10mg,094004,CCL Pharmaceuticals (Pvt.) Ltd. DML: 000052,Essential Drugs,14's,1277.68,"Rs 1,277.68","23 Jul, 2026",2026-09-12 02:31:18,https://e.dra.gov.pk/public/price
Uneek,Uneek Injection Ceftriaxone Sodium 250mg IV,045442,NAVEGAL LABORATORIES DML: 000591,Essential Drugs,1,186.51,Rs 186.51,"30 Jul, 2026",2026-09-12 02:31:25,https://e.dra.gov.pk/public/price
Uneek,Uneek Injection Ceftriaxone Sodium 1gm IV,045441,NAVEGAL LABORATORIES DML: 000591,Essential Drugs,1,592.75,Rs 592.75,"30 Jul, 2026",2026-09-12 02:31:25,https://e.dra.gov.pk/public/price
Uneek,Uneek Injection Ceftriaxone Sodium 500mg IV,053219,NAVEGAL LABORATORIES DML: 000591,Essential Drugs,1,313.92,Rs 313.92,"30 Jul, 2026",2026-09-12 02:31:25,https://e.dra.gov.pk/public/price
Titan,Titan Inj. IM IV Ceftriaxone 500mg,021742,Macter International Limited DML: 000141,Essential Drugs,1,330.45,Rs 330.45,"23 Jul, 2026",2026-09-12 02:31:31,https://e.dra.gov.pk/public/price
Titan,Titan Inj. IM IV Ceftriaxone 2gm,075825,Macter International Limited DML: 000141,Essential Drugs,1,959.73,Rs 959.73,"23 Jul, 2026",2026-09-12 02:31:31,https://e.dra.gov.pk/public/price
Titan,Titan Inj. IM IV Ceftriaxone 1gm,021743,Macter International Limited DML: 000141,Essential Drugs,1's,598.94,Rs 598.94,"23 Jul, 2026",2026-09-12 02:31:31,https://e.dra.gov.pk/public/price
Titan,Titan Inj. IM IV Ceftriaxone 250mg,021741,Macter International Limited DML: 000141,Essential Drugs,1's,185.88,Rs 185.88,"23 Jul, 2026",2026-09-12 02:31:31,https://e.dra.gov.pk/public/price
Novosef,Novosef IM Inj. Ceftriaxone Sodium 1gm,019157,Himont Pharmaceuticals (Pvt.) Ltd. DML: 000231,Essential Drugs,1 Vial,894.22,Rs 894.22,"27 Jul, 2026",2026-09-12 02:31:37,https://e.dra.gov.pk/public/price
Novosef,Novosef IM Inj. Ceftriaxone Sodium 0.25gm,021699,Himont Pharmaceuticals (Pvt.) Ltd. DML: 000231,Essential Drugs,1 Vial,254.04,Rs 254.04,"27 Jul, 2026",2026-09-12 02:31:37,https://e.dra.gov.pk/public/price
Novosef,Novosef IM Inj. Ceftriaxone Sodium 0.5gm,019155,Himont Pharmaceuticals (Pvt.) Ltd. DML: 000231,Essential Drugs,1 Vial,454.26,Rs 454.26,"27 Jul, 2026",2026-09-12 02:31:37,https://e.dra.gov.pk/public/price
Novosef,Novosef IV Inj. Ceftriaxone Sodium 0.5gm,019154,Himont Pharmaceuticals (Pvt.) Ltd. DML: 000231,Essential Drugs,1 Vial,454.36,Rs 454.36,"27 Jul, 2026",2026-09-12 02:31:38,https://e.dra.gov.pk/public/price
Novosef,Novosef IV Inj. Ceftriaxone Sodium 1gm,019156,Himont Pharmaceuticals (Pvt.) Ltd. DML: 000231,Essential Drugs,1 Vial,894.22,Rs 894.22,"27 Jul, 2026",2026-09-12 02:31:38,https://e.dra.gov.pk/public/price
Novosef,Novosef IV Inj. Ceftriaxone Sodium 0.25gm,021700,Himont Pharmaceuticals (Pvt.) Ltd. DML: 000231,Essential Drugs,1 Vial,254.04,Rs 254.04,"27 Jul, 2026",2026-09-12 02:31:38,https://e.dra.gov.pk/public/price
Cefinig,Cefinig 1g Injection Ceftriaxone (As Sodium)…..1g,050761,HONIG PHARMACEUTICALS LABORATORIES DML: 000550,Essential Drugs,1 Vial,547.65,Rs 547.65,"01 Jul, 2024",2026-09-12 02:31:44,https://e.dra.gov.pk/public/price
Cefinig,Cefinig 250mg Injection Ceftriaxone (As Sodium)…..250mg,050759,HONIG PHARMACEUTICALS LABORATORIES DML: 000550,Essential Drugs,1 Vial,172.31,Rs 172.31,"01 Jul, 2024",2026-09-12 02:31:44,https://e.dra.gov.pk/public/price
Cefinig,Cefinig 500mg Injection Ceftriaxone (As Sodium)…..500mg,050760,HONIG PHARMACEUTICALS LABORATORIES DML: 000550,Essential Drugs,1 Vial,290.03,Rs 290.03,"01 Jul, 2024",2026-09-12 02:31:44,https://e.dra.gov.pk/public/price
Traxon,Biotraxone 2gm Injection IV Ceftriaxone Sodium),117618,Biogen Pharma DML: 000639,Essential Drugs,1’s,855.36,Rs 855.36,"04 Sep, 2025",2026-09-12 02:31:50,https://e.dra.gov.pk/public/price
Traxon,Traxon Injection 1g IM Ceftriaxone 1g,089166,GlaxoSmithKline Pakistan Limited DML: 000248,Essential Drugs,1's,556.8,Rs 556.80,"23 Jul, 2026",2026-09-12 02:31:50,https://e.dra.gov.pk/public/price
Traxon,Traxon Injection 1g IV Ceftriaxone 1g,017889,GlaxoSmithKline Pakistan Limited DML: 000248,Essential Drugs,1's,531.19,Rs 531.19,"23 Jul, 2026",2026-09-12 02:31:50,https://e.dra.gov.pk/public/price
Traxon,Traxon Injection 250mg IM Ceftriaxone 250mg,089165,GlaxoSmithKline Pakistan Limited DML: 000248,Essential Drugs,1's,175.19,Rs 175.19,"23 Jul, 2026",2026-09-12 02:31:50,https://e.dra.gov.pk/public/price
Traxon,Traxon Injection 250mg IV Ceftriaxone 250mg,017891,GlaxoSmithKline Pakistan Limited DML: 000248,Essential Drugs,1's,194.77,Rs 194.77,"23 Jul, 2026",2026-09-12 02:31:50,https://e.dra.gov.pk/public/price
Fortexone,Fortexone Injection 1 gm IM Each vial contains:Ceftriaxone Sodium eq. toCeftriaxone…... 1gm,026161,Lucky Core Industries Limited DML: 000363,Essential Drugs,1's,738.05,Rs 738.05,"22 Jul, 2026",2026-09-12 02:31:57,https://e.dra.gov.pk/public/price
Fortexone,Fortexone Injection 2gm IV Each vial contains:Ceftriaxone Sodium equivalent to Ceftriaxone..… 2gm,084196,Lucky Core Industries Limited DML: 000363,Essential Drugs,1's,926.92,Rs 926.92,"22 Jul, 2026",2026-09-12 02:31:57,https://e.dra.gov.pk/public/price
Fortexone,Fortexone Injection 500mg IM Each vial contains:Ceftriaxone Sodium eq. toCeftriaxone…... 500mg,026160,Lucky Core Industries Limited DML: 000363,Essential Drugs,1's,375.01,Rs 375.01,"22 Jul, 2026",2026-09-12 02:31:57,https://e.dra.gov.pk/public/price
Fortexone,Fortexone Injection 1 gm IV Each vial contains:Ceftriaxone Sodium eq. toCeftriaxone…... 1gm,020274,Lucky Core Industries Limited DML: 000363,Essential Drugs,1's,661.77,Rs 661.77,"22 Jul, 2026",2026-09-12 02:31:57,https://e.dra.gov.pk/public/price
Fortexone,Fortexone Injection 250 mg IM Each vial contains:Ceftriaxone Sodium eq. toCeftriaxone…... 250mg,026159,Lucky Core Industries Limited DML: 000363,Essential Drugs,1's,219.42,Rs 219.42,"22 Jul, 2026",2026-09-12 02:31:57,https://e.dra.gov.pk/public/price
Fortexone,Fortexone Injection 500mg IV Each vial contains:Ceftriaxone Sodium eq. toCeftriaxone…... 500mg,020273,Lucky Core Industries Limited DML: 000363,Essential Drugs,1's,346.16,Rs 346.16,"22 Jul, 2026",2026-09-12 02:31:57,https://e.dra.gov.pk/public/price
Fortexone,FortexoneInjection 250 mg IV Each vial contains:Ceftriaxone Sodium eq. toCeftriaxone…... 250mg,020272,Lucky Core Industries Limited DML: 000363,Essential Drugs,1's,203.62,Rs 203.62,"22 Jul, 2026",2026-09-12 02:31:57,https://e.dra.gov.pk/public/price
Moxiget,Moxiget IV Infusion 400mg/250ml Each vial of 250mL solution for infusion contains:Moxifloxacin hydrochloride equivalent to Moxifloxacin…..400mg,050650,Getz Pharma (Pvt) Limited DML: 000284,Essential Drugs,1 x 250ml,1968.13,"Rs 1,968.13","19 Aug, 2025",2026-09-12 02:32:03,https://e.dra.gov.pk/public/price
Moxiget,Moxiget Tablets 400mg Each film-coated tablet contains:Moxifloxacin…400mg(as hydrochloride),047117,Getz Pharma (Pvt.) Ltd. DML: 000933,Essential Drugs,1 x 10's,1949.43,"Rs 1,949.43","27 Jul, 2026",2026-09-12 02:32:03,https://e.dra.gov.pk/public/price
Moxiget,Moxiget Tablets 400mg Each film-coated tablet contains:Moxifloxacin…400mg(as hydrochloride),047117,Getz Pharma (Pvt.) Ltd. DML: 000933,Essential Drugs,5 x 5's,4774.14,"Rs 4,774.14","27 Jul, 2026",2026-09-12 02:32:04,https://e.dra.gov.pk/public/price
Moxiget,Moxiget Tablets 400mg Each film-coated tablet contains:Moxifloxacin…400mg(as hydrochloride),047117,Getz Pharma (Pvt.) Ltd. DML: 000933,Essential Drugs,5's,994.61,Rs 994.61,"27 Jul, 2026",2026-09-12 02:32:04,https://e.dra.gov.pk/public/price
Megamox,Megamox 200mg TabletsEach tablet contians:Moxifloxacin USP 200mg Megamox 200mg TabletsEach tablet contians:Moxifloxacin USP 200mg,039285,Sante (Private) Limited DML: 000702,Essential Drugs,10's,484.33,Rs 484.33,"27 Jul, 2026",2026-09-12 02:32:10,https://e.dra.gov.pk/public/price
Avelox,Avelox Infusion Solution Each 250ml Contains:Moxifloxacin HCl eq. to Moxifloxacin Base 400mg,109733,Bayer Pakistan Private Limited DSL: 0611,Essential Drugs,1 x 250ml,2285.19,"Rs 2,285.19","05 Aug, 2025",2026-09-12 02:32:16,https://e.dra.gov.pk/public/price
Avelox,Avelox Tablets Each Tablet Contains:Moxifloxacin HCl eq. to Moxifloxacin Base 400mg,024653,Bayer Pakistan Private Limited DSL: 0611,Essential Drugs,1 x 5's,1490.83,"Rs 1,490.83","05 Aug, 2025",2026-09-12 02:32:16,https://e.dra.gov.pk/public/price
Avelox,Navelox Tablets Moxifloxacin HCl 400mg,068237,NAVEGAL LABORATORIES DML: 000591,Essential Drugs,5,877.13,Rs 877.13,"30 Jul, 2026",2026-09-12 02:32:16,https://e.dra.gov.pk/public/price
Avelox,Savelox Tablet 250mg Each tablet contains:Levofloxacin 250mg,032255,"Popular Chemical Works Pvt Ltd., DML: 000076",Essential Drugs,1x10's,255.32,Rs 255.32,"25 Aug, 2026",2026-09-12 02:32:16,https://e.dra.gov.pk/public/price
Avelox,Savelox Tablet 500mg Each tablet contains: Levofloxacin 500mg,029328,"Popular Chemical Works Pvt Ltd., DML: 000076",Essential Drugs,1x10's,396.9,Rs 396.90,"25 Aug, 2026",2026-09-12 02:32:16,https://e.dra.gov.pk/public/price
Azilla,Azilla-250 Capsule Azithromycin as Dihydrate …………250mg,046176,"Genome Pharmaceuticals (Pvt.) Ltd, DML: 000454",Essential Drugs,1 x 10's,508.6,Rs 508.60,"27 Jul, 2026",2026-09-12 02:32:23,https://e.dra.gov.pk/public/price
Azilla,Azilla-500 Capsules Azithromycin Dihydrate…………….500mg,074557,"Genome Pharmaceuticals (Pvt.) Ltd, DML: 000454",Essential Drugs,1 x 3's,249.31,Rs 249.31,"27 Jul, 2026",2026-09-12 02:32:23,https://e.dra.gov.pk/public/price
Azeloc,Azeloc Capsules 250mg Azithromycin 250mg,087682,Evolution Pharmaceuticals (Pvt.) Ltd. DML: 000867,Essential Drugs,1 x 10's,478.82,Rs 478.82,"29 Jul, 2026",2026-09-12 02:32:29,https://e.dra.gov.pk/public/price
Azeloc,Azeloc Capsules 250mg Azithromycin 250mg,087682,Evolution Pharmaceuticals (Pvt.) Ltd. DML: 000867,Essential Drugs,6's,305.19,Rs 305.19,"29 Jul, 2026",2026-09-12 02:32:29,https://e.dra.gov.pk/public/price
Azeloc,Azeloc Dry Susp. 200mg Azithromycin 200mg,090055,Evolution Pharmaceuticals (Pvt.) Ltd. DML: 000867,Essential Drugs,15ml,329.12,Rs 329.12,"29 Jul, 2026",2026-09-12 02:32:29,https://e.dra.gov.pk/public/price
Azeloc,Azeloc Tablets 250mg Azithromycin 250mg,095366,Evolution Pharmaceuticals (Pvt.) Ltd. DML: 000867,Essential Drugs,1 x 10's,456.9,Rs 456.90,"29 Jul, 2026",2026-09-12 02:32:29,https://e.dra.gov.pk/public/price
Azeloc,Azeloc Tablets 250mg Azithromycin 250mg,095366,Evolution Pharmaceuticals (Pvt.) Ltd. DML: 000867,Essential Drugs,1 x 6's,291.22,Rs 291.22,"29 Jul, 2026",2026-09-12 02:32:29,https://e.dra.gov.pk/public/price
Azeloc,Azeloc Tablets 500mg Azithromycin 500mg,095367,Evolution Pharmaceuticals (Pvt.) Ltd. DML: 000867,Essential Drugs,1 x 6's,533.91,Rs 533.91,"29 Jul, 2026",2026-09-12 02:32:29,https://e.dra.gov.pk/public/price
Lazio,Lazio Capsules Azithromycin/250mg,065825,The Schazoo Pharmaceutical Laboratories (Pvt.) Ltd. DML: 000019,Essential Drugs,1 x 10's,508.6,Rs 508.60,"23 Jul, 2026",2026-09-12 02:32:36,https://e.dra.gov.pk/public/price
Lazio,Lazio Capsules Azithromycin/250mg,065825,The Schazoo Pharmaceutical Laboratories (Pvt.) Ltd. DML: 000019,Essential Drugs,1 x 6,305.16,Rs 305.16,"23 Jul, 2026",2026-09-12 02:32:36,https://e.dra.gov.pk/public/price
Lazio,Lazio Dry Powder Suspension Azithromycin/200 mg/5ml,065832,The Schazoo Pharmaceutical Laboratories (Pvt.) Ltd. DML: 000019,Essential Drugs,15 ml,329.1,Rs 329.10,"23 Jul, 2026",2026-09-12 02:32:36,https://e.dra.gov.pk/public/price
Zetro,Zetro Capsules 250mg Each capsule contains:Azithromycin.…250mg(as dihydrate),045375,Getz Pharma (Pvt.) Ltd. DML: 000933,Essential Drugs,10's,533.95,Rs 533.95,"27 Jul, 2026",2026-09-12 02:32:42,https://e.dra.gov.pk/public/price
Zetro,Zetro Capsules 250mg Each capsule contains:Azithromycin.…250mg(as dihydrate),045375,Getz Pharma (Pvt.) Ltd. DML: 000933,Essential Drugs,6's,320.36,Rs 320.36,"27 Jul, 2026",2026-09-12 02:32:42,https://e.dra.gov.pk/public/price
Zetro,Zetro Suspension 100mg/5mL Each 5ml contains:Azithromycin….100mg,045374,Getz Pharma (Pvt) Limited DML: 000284,Essential Drugs,30mL,205.29,Rs 205.29,"27 Jul, 2026",2026-09-12 02:32:42,https://e.dra.gov.pk/public/price
Zetro,Zetro Suspesnion 200mg/5ml Each 5mL contains:Azithromycin.…200mg(as dihydrate),047145,Getz Pharma (Pvt.) Ltd. DML: 000933,Essential Drugs,15ml,345.5,Rs 345.50,"27 Jul, 2026",2026-09-12 02:32:42,https://e.dra.gov.pk/public/price
Zetro,Zetro Suspesnion 200mg/5ml Each 5mL contains:Azithromycin.…200mg(as dihydrate),047145,Getz Pharma (Pvt.) Ltd. DML: 000933,Essential Drugs,25ml,543.61,Rs 543.61,"27 Jul, 2026",2026-09-12 02:32:42,https://e.dra.gov.pk/public/price
Zetro,Zetro Suspesnion 200mg/5ml Each 5mL contains:Azithromycin.…200mg(as dihydrate),047145,Getz Pharma (Pvt.) Ltd. DML: 000933,Essential Drugs,30ml,640.69,Rs 640.69,"27 Jul, 2026",2026-09-12 02:32:42,https://e.dra.gov.pk/public/price
Zetro,Zetro Tablets 250mg Each film coated tablet contains:Azithromycin.…250mg(as dihydrate),066913,Getz Pharma (Pvt) Limited DML: 000284,Essential Drugs,6's,225.1,Rs 225.10,"27 Jul, 2026",2026-09-12 02:32:43,https://e.dra.gov.pk/public/price
Zetro,Zetro Tablets 500mg Each film-coated tablet contains:Azithromycin.…500mg(as dihydrate),053120,Getz Pharma (Pvt.) Ltd. DML: 000933,Essential Drugs,1x3's,286.86,Rs 286.86,"27 Jul, 2026",2026-09-12 02:32:43,https://e.dra.gov.pk/public/price
Zetro,Zetro Tablets 500mg Each film-coated tablet contains:Azithromycin.…500mg(as dihydrate),053120,Getz Pharma (Pvt.) Ltd. DML: 000933,Essential Drugs,6's,575.83,Rs 575.83,"27 Jul, 2026",2026-09-12 02:32:43,https://e.dra.gov.pk/public/price
Xempra,Xempra Capsule Omeprazole (as Enteric Coated Pellets 8.5%) ….....…..20mg,046195,"Genome Pharmaceuticals (Pvt.) Ltd, DML: 000454",Essential Drugs,1 x 10's,205.43,Rs 205.43,"27 Jul, 2026",2026-09-12 02:32:49,https://e.dra.gov.pk/public/price
Xempra,Xempra-40 Capsules Omeprazole (as Enteric Coated Pellets 8.5%) ……………………………………......40mg,060029,"Genome Pharmaceuticals (Pvt.) Ltd, DML: 000454",Essential Drugs,1 x 10's,357.02,Rs 357.02,"27 Jul, 2026",2026-09-12 02:32:49,https://e.dra.gov.pk/public/price
Megazole,Megazole Capsules 20 mg Each Capsule Contains (Omeprazole…20mg),037847,Mega Pharmaceuticals limited DML: 000537,Essential Drugs,1 x 10's,179.96,Rs 179.96,"17 Aug, 2026",2026-09-12 02:32:55,https://e.dra.gov.pk/public/price
Megazole,Megazole Capsules 20 mg Each Capsule Contains (Omeprazole…20mg),037847,Mega Pharmaceuticals limited DML: 000537,Essential Drugs,10 x 10's,1732.73,"Rs 1,732.73","17 Aug, 2026",2026-09-12 02:32:55,https://e.dra.gov.pk/public/price
Megazole,Megazole Capsules 20 mg Each Capsule Contains (Omeprazole…20mg),037847,Mega Pharmaceuticals limited DML: 000537,Essential Drugs,14's,287.24,Rs 287.24,"17 Aug, 2026",2026-09-12 02:32:55,https://e.dra.gov.pk/public/price
Megazole,Megazole Capsules 40 mg Each Capsule Contains (Omeprazole….40mg),083186,Mega Pharmaceuticals limited DML: 000537,Essential Drugs,1 x 10's,313.36,Rs 313.36,"17 Aug, 2026",2026-09-12 02:32:56,https://e.dra.gov.pk/public/price
Megazole,Megazole Capsules 40 mg Each Capsule Contains (Omeprazole….40mg),083186,Mega Pharmaceuticals limited DML: 000537,Essential Drugs,10 x 10's,3008.35,"Rs 3,008.35","17 Aug, 2026",2026-09-12 02:32:56,https://e.dra.gov.pk/public/price
Megazole,Megazole Capsules 40 mg Each Capsule Contains (Omeprazole….40mg),083186,Mega Pharmaceuticals limited DML: 000537,Essential Drugs,2x7's,498.67,Rs 498.67,"17 Aug, 2026",2026-09-12 02:32:56,https://e.dra.gov.pk/public/price
Cefiget,Cefiget Capsules 400mg Each capsule contains:Cefixime trihydrate equivalent to Cefixime.…400mg,045118,Getz Pharma (Pvt.) Ltd. DML: 000933,Essential Drugs,5’s,592.02,Rs 592.02,"27 Jul, 2026",2026-09-12 02:33:02,https://e.dra.gov.pk/public/price
Cefiget,Cefiget DS Suspension 200mg/5ml Each 5mL of reconstituted suspension contains:Cefixime trihydrate equivalent to Cefixime.…200mg,045120,Getz Pharma (Pvt.) Ltd. DML: 000933,Essential Drugs,30ml,404.32,Rs 404.32,"27 Jul, 2026",2026-09-12 02:33:02,https://e.dra.gov.pk/public/price
Cefiget,Cefiget Suspension 100mg/5ml Each 5mL of reconstituted suspension contains:Cefixime trihydrate equivalent to Cefixime.…100mg,045119,Getz Pharma (Pvt.) Ltd. DML: 000933,Essential Drugs,30ml,330.38,Rs 330.38,"27 Jul, 2026",2026-09-12 02:33:02,https://e.dra.gov.pk/public/price
Cefiget,Cefiget Suspension 100mg/5ml Each 5mL of reconstituted suspension contains:Cefixime trihydrate equivalent to Cefixime.…100mg,045119,Getz Pharma (Pvt.) Ltd. DML: 000933,Essential Drugs,60ml,647.54,Rs 647.54,"27 Jul, 2026",2026-09-12 02:33:02,https://e.dra.gov.pk/public/price
Cefiget,Cefiget Tablets 200mg Each film-coated tablet contains:Cefixime trihydrate equivalent to Cefixime...200mg,055746,Getz Pharma (Pvt.) Ltd. DML: 000933,Essential Drugs,10's,648.51,Rs 648.51,"27 Jul, 2026",2026-09-12 02:33:02,https://e.dra.gov.pk/public/price
Cefiget,Cefiget Tablets 200mg Each film-coated tablet contains:Cefixime trihydrate equivalent to Cefixime...200mg,055746,Getz Pharma (Pvt.) Ltd. DML: 000933,Essential Drugs,5's,340.78,Rs 340.78,"27 Jul, 2026",2026-09-12 02:33:02,https://e.dra.gov.pk/public/price
Cipvax,Cipvax Tablets 750mg Ciprofloxacin (as Hcl)………………..750mg,059383,"Genome Pharmaceuticals (Pvt.) Ltd, DML: 000454",Essential Drugs,1 x 10's,359.01,Rs 359.01,"27 Jul, 2026",2026-09-12 02:33:09,https://e.dra.gov.pk/public/price
Cipvax,Cipvax XR-500mg Tablets Ciprofloxacin (as HCl)………….500mg,080983,"Genome Pharmaceuticals (Pvt.) Ltd, DML: 000454",Essential Drugs,1 x 10's,518.57,Rs 518.57,"27 Jul, 2026",2026-09-12 02:33:09,https://e.dra.gov.pk/public/price
Cipvax,Cipvax-125 Dry Susp Ciprofloxacin (as HCl)………….125mg,074529,"Genome Pharmaceuticals (Pvt.) Ltd, DML: 000454",Essential Drugs,60ml,222.36,Rs 222.36,"27 Jul, 2026",2026-09-12 02:33:09,https://e.dra.gov.pk/public/price
Cipvax,Cipvax-250 Tablets Ciprofloxacin (as Hcl)...…250mg,052916,"Genome Pharmaceuticals (Pvt.) Ltd, DML: 000454",Essential Drugs,1 x 10's,259.29,Rs 259.29,"27 Jul, 2026",2026-09-12 02:33:09,https://e.dra.gov.pk/public/price
Cipvax,Cipvax-500 Tablets Ciprofloxacin (as Hcl)…..500mg,043310,"Genome Pharmaceuticals (Pvt.) Ltd, DML: 000454",Essential Drugs,1 x 10's,518.57,Rs 518.57,"27 Jul, 2026",2026-09-12 02:33:09,https://e.dra.gov.pk/public/price
Ciprosafe,CiproSafe Pharmaceuticals (Pvt) Ltd 200mg/100ml Infusion Each 100ml Vial contains: Ciprofloxacin (as HCl)….200mg,048866,SAFE PHARMACEUTICAL (PVT) LTD DML: 000349,Essential Drugs,100ml Vial,180.12,Rs 180.12,"01 Jul, 2024",2026-09-12 02:33:21,https://e.dra.gov.pk/public/price
Ciprosafe,CiproSafe Pharmaceuticals (Pvt) Ltd 250mg Tablet Each Tablet contains: Ciprofloxacin (as HCl)….250mg,048863,SAFE PHARMACEUTICAL (PVT) LTD DML: 000349,Essential Drugs,1 x 10's Tablet,195.13,Rs 195.13,"01 Jul, 2024",2026-09-12 02:33:21,https://e.dra.gov.pk/public/price
Ciprosafe,CiproSafe Pharmaceuticals (Pvt) Ltd 500mg Tablet Each Tablet contains: Ciprofloxacin (as HCl)….500mg,048864,SAFE PHARMACEUTICAL (PVT) LTD DML: 000349,Essential Drugs,1 x 10's Tablet,322.71,Rs 322.71,"01 Jul, 2024",2026-09-12 02:33:21,https://e.dra.gov.pk/public/price
Ciprosafe,CiproSafe Pharmaceuticals (Pvt) Ltd 750mg Tablet Each Tablet contains: Ciprofloxacin (as HCl)…750mg,048865,SAFE PHARMACEUTICAL (PVT) LTD DML: 000349,Essential Drugs,1 x 10's Tablet,345.22,Rs 345.22,"01 Jul, 2024",2026-09-12 02:33:21,https://e.dra.gov.pk/public/price
Excipro,EXCIPRO TABLETS CIPROFLOXACIN 250MG,017228,OPAL LABORATORIES (PVT) LTD DML: 000046,Essential Drugs,1 X 10’S,367.99,Rs 367.99,"27 Jul, 2026",2026-09-12 02:33:28,https://e.dra.gov.pk/public/price
Excipro,EXCIPRO TABLETS CIPROFLOXACIN 500MG,017229,OPAL LABORATORIES (PVT) LTD DML: 000046,Essential Drugs,1 X 10’S,647.68,Rs 647.68,"27 Jul, 2026",2026-09-12 02:33:28,https://e.dra.gov.pk/public/price
Cithrox,Cithrox Infusion 200mg/100ml Ciprofloxacin (as Lactate) 200mg/100ml,031671,Akson Pharmaceuticals (Pvt) Ltd DML: 000486,Essential Drugs,100ml,332.39,Rs 332.39,"27 Jul, 2026",2026-09-12 02:33:34,https://e.dra.gov.pk/public/price
Cithrox,Cithrox Tablets250mg. Ciprofloxacin(a s HCl) 250mg,029429,Akson Pharmaceuticals (Pvt) Ltd DML: 000486,Essential Drugs,1x10’s,221.59,Rs 221.59,"27 Jul, 2026",2026-09-12 02:33:34,https://e.dra.gov.pk/public/price
Cithrox,Cithrox Tablets500mg. Ciprofloxacin (as HCl)500mg,029430,Akson Pharmaceuticals (Pvt) Ltd DML: 000486,Essential Drugs,1x10’s,406.25,Rs 406.25,"27 Jul, 2026",2026-09-12 02:33:34,https://e.dra.gov.pk/public/price
Cithrox,Cithrox- 750 Ciprofloxacin (as HCl) 750mg,073227,Akson Pharmaceuticals (Pvt) Ltd DML: 000486,Essential Drugs,1 x 10’s,424.71,Rs 424.71,"27 Jul, 2026",2026-09-12 02:33:34,https://e.dra.gov.pk/public/price
Savoxacin,Savoxacin Tablet Ciprofloxacin HCL 500mg,061970,Pfizer Pakistan Limited DSL: 687,Essential Drugs,10's,410.27,Rs 410.27,"01 Jul, 2024",2026-09-12 02:33:41,https://e.dra.gov.pk/public/price
Savoxacin,Savoxacin Tablet Ciprofloxacin HCL 250mg,061969,Pfizer Pakistan Limited DSL: 687,Essential Drugs,10's,248.08,Rs 248.08,"01 Jul, 2024",2026-09-12 02:33:41,https://e.dra.gov.pk/public/price
Telsartan,TELSARTAN PLUS Each tablet containsTelmisartan ….......40mg Hyydrochlorothiazide…........ 12.5mg,093973,CCL Pharmaceuticals (Pvt.) Ltd. DML: 000052,Essential Drugs,14's,614.45,Rs 614.45,"23 Jul, 2026",2026-09-12 02:33:47,https://e.dra.gov.pk/public/price
Telsartan,TELSARTAN PLUS Each tablet containsTelmisartan ….......40mg Hyydrochlorothiazide…........ 12.5mg,093973,CCL Pharmaceuticals (Pvt.) Ltd. DML: 000052,Essential Drugs,28's,1167.47,"Rs 1,167.47","23 Jul, 2026",2026-09-12 02:33:47,https://e.dra.gov.pk/public/price
Telsartan,TELSARTAN PLUS 80/12.5 Each tablet containsTelmisartan ….......80mg Hyydrochlorothiazide…........ 12.5mg,093974,Lucky Core Industries Limited DML: 000363,Essential Drugs,14's,1071.32,"Rs 1,071.32","01 Jul, 2024",2026-09-12 02:33:47,https://e.dra.gov.pk/public/price
Telsartan,TELSARTAN PLUS 80/12.5 Each tablet containsTelmisartan ….......80mg Hyydrochlorothiazide…........ 12.5mg,093974,Lucky Core Industries Limited DML: 000363,Essential Drugs,28's,2032.76,"Rs 2,032.76","01 Jul, 2024",2026-09-12 02:33:47,https://e.dra.gov.pk/public/price
